TIPO,ID,1,2,3,4,5,6,7,8,9,10,11,12,13,14,15,16,17,18,19,20,21,22,23,24,25,26,27,28,29,30,31,32,33,34,35,36,37,38,39,40,41,42,43,44,45,46,47,48,49,50,51,52,53,54,55,56,57,58,59,60,61,62,63,64,65,66,67,68,69,70,71,72,73,74,75,76,77,78,79,80,81,82,83,84,85,86,87,88,89,90,91,92,93,94,95,96,97,98,99,100,101,102,103,104,105,106,107,108,109,110,111,112,113,114,115,116,117,118,119,120,121,122,123,124,125,126,127,128,129,130,131,132,133,134,135,136,137,138,139,140,141,142,143,144,145,146,147,148,149,150,151,152,153,154,155,156,157,158,159,160,161,162,163,164,165,166,167,168,169,170,171,172,173,174,175,176,177,178,179,180,181,182,183,184,185,186,187,188,189,190,191,192,193,194,195,196,197,198,199,200,201,202,203,204,205,206,207,208,209,210,211,212,213,214,215,216,217,218,219,220,221,222,223,224,225,226,227,228,229,230,231,232,233,234,235,236,237,238,239,240,241,242,243,244,245,246,247,248,249,250
FLUJOS NOMINALES,Aportaciones (ahorro),0.00%,0.02%,0.02%,0.03%,0.03%,0.03%,0.03%,0.03%,0.03%,0.03%,0.03%,0.03%,0.03%,0.03%,0.03%,0.03%,0.03%,0.03%,0.03%,0.03%,0.03%,0.03%,0.03%,0.03%,0.03%,0.03%,0.03%,0.04%,0.04%,0.04%,0.04%,0.04%,0.04%,0.04%,0.04%,0.04%,0.04%,0.04%,0.04%,0.04%,0.04%,0.04%,0.04%,0.04%,0.04%,0.04%,0.04%,0.04%,0.04%,0.04%,0.04%,0.05%,0.05%,0.05%,0.05%,0.05%,0.05%,0.05%,0.05%,0.05%,0.05%,0.05%,0.05%,0.06%,0.06%,0.06%,0.06%,0.06%,0.06%,0.06%,0.06%,0.06%,0.07%,0.07%,0.07%,0.07%,0.07%,0.07%,0.07%,0.07%,0.07%,0.08%,0.08%,0.08%,0.08%,0.08%,0.08%,0.09%,0.09%,0.09%,0.09%,0.09%,0.09%,0.09%,0.09%,0.09%,0.09%,0.09%,0.09%,0.10%,0.10%,0.10%,0.10%,0.10%,0.10%,0.10%,0.10%,0.10%,0.10%,0.10%,0.10%,0.11%,0.11%,0.11%,0.11%,0.11%,0.12%,0.12%,0.12%,0.12%,0.12%,0.12%,0.12%,0.13%,0.13%,0.13%,0.13%,0.13%,0.13%,0.13%,0.13%,0.13%,0.13%,0.13%,0.13%,0.15%,0.15%,0.15%,0.15%,0.15%,0.15%,0.15%,0.15%,0.15%,0.15%,0.15%,0.15%,0.17%,0.17%,0.17%,0.17%,0.17%,0.17%,0.17%,0.17%,0.17%,0.17%,0.17%,0.17%,0.19%,0.19%,0.19%,0.19%,0.19%,0.19%,0.19%,0.19%,0.19%,0.19%,0.19%,0.20%,0.21%,0.21%,0.21%,0.21%,0.21%,0.22%,0.22%,0.22%,0.22%,0.22%,0.22%,0.22%,0.24%,0.24%,0.24%,0.24%,0.24%,0.24%,0.24%,0.24%,0.25%,0.25%,0.25%,0.25%,0.27%,0.27%,0.27%,0.27%,0.27%,0.27%,0.27%,0.27%,0.28%,0.28%,0.28%,0.28%,0.30%,0.30%,0.30%,0.30%,0.30%,0.31%,0.31%,0.31%,0.31%,0.31%,0.31%,0.31%,0.34%,0.34%,0.34%,0.34%,0.34%,0.34%,0.34%,0.35%,0.35%,0.35%,0.35%,0.35%,0.38%,0.38%,0.38%,0.38%,0.38%,0.38%,0.39%,0.39%,0.39%,0.39%,0.39%,0.04%,0.05%,0.05%,0.05%,0.05%,0.05%,0.00%,0.00%
FLUJOS NOMINALES,Prima de riesgo por fallecimiento,0.00%,-14.29%,-14.29%,-14.29%,-14.29%,-14.29%,-14.29%,-14.29%,-14.29%,-14.29%,-14.29%,-14.29%,-14.29%,-14.29%,-14.29%,-14.29%,-14.29%,-14.29%,-14.29%,-14.29%,-14.29%,-14.29%,-14.29%,-14.29%,-14.29%,-14.29%,-14.29%,-14.29%,-14.29%,-14.29%,-14.29%,-14.29%,-14.29%,-14.29%,-14.29%,-14.29%,-14.29%,-14.29%,-14.29%,-14.29%,-14.29%,-14.29%,-14.29%,-14.29%,-14.29%,-14.29%,-14.29%,-14.29%,-14.29%,-14.29%,-14.29%,-14.29%,-14.29%,-14.29%,-14.29%,-14.29%,-14.29%,-14.29%,-14.29%,-14.29%,-14.29%,-14.29%,-14.29%,-14.29%,-14.29%,-14.29%,-14.29%,-14.29%,-14.29%,-14.29%,-14.29%,-14.29%,-14.29%,-14.29%,-14.29%,-14.29%,-14.29%,-14.29%,-14.29%,-14.29%,-14.29%,-14.29%,-14.29%,-14.29%,-14.29%,-14.29%,-14.29%,-14.29%,-14.29%,-14.29%,-14.29%,-14.29%,-14.29%,-14.29%,-14.29%,-14.29%,-14.29%,-14.28%,-14.28%,-14.28%,-14.28%,-14.28%,-14.28%,-14.28%,-14.28%,-14.28%,-14.28%,-14.28%,-14.28%,-14.28%,-14.28%,-14.28%,-14.28%,-14.28%,-14.28%,-14.28%,-14.28%,-14.28%,-14.28%,-14.28%,-14.28%,-14.28%,-14.28%,-14.28%,-14.28%,-14.28%,-14.28%,-14.28%,-14.28%,-14.28%,-14.28%,-14.28%,-14.28%,-14.28%,-14.28%,-14.28%,-14.28%,-14.28%,-14.28%,-14.28%,-14.28%,-14.28%,-14.28%,-14.28%,-14.28%,-14.28%,-14.28%,-14.28%,-14.28%,-14.28%,-14.28%,-14.28%,-14.28%,-14.28%,-14.28%,-14.28%,-14.28%,-14.28%,-14.28%,-14.28%,-14.28%,-14.28%,-14.28%,-14.28%,-14.28%,-14.28%,-14.28%,-14.28%,-14.28%,-14.28%,-14.28%,-14.28%,-14.28%,-14.28%,-14.28%,-14.28%,-14.28%,-14.28%,-14.28%,-14.28%,-14.28%,-14.28%,-14.28%,-14.28%,-14.28%,-14.28%,-14.28%,-14.28%,-14.28%,-14.28%,-14.28%,-14.28%,-14.28%,-14.28%,-14.28%,-14.28%,-14.28%,-14.28%,-14.28%,-14.28%,-14.28%,-14.28%,-14.28%,-14.28%,-14.28%,-14.28%,-14.28%,-14.28%,-14.28%,-14.28%,-14.28%,-14.28%,-14.28%,-14.28%,-14.28%,-14.28%,-14.28%,-14.28%,-14.28%,-14.28%,-14.28%,-14.28%,-14.28%,-14.28%,-14.28%,-14.28%,-14.28%,-14.28%,-14.28%,-14.28%,-14.28%,-14.28%,-14.28%,-14.28%,-14.28%,-14.28%,-14.28%,-14.28%,-14.28%,-14.28%,-14.28%,-14.28%,-14.28%,-14.28%,-14.28%,-14.28%,-14.28%,-14.28%,0.00%,0.00%
FLUJOS NOMINALES,Prima de riesgo por incapacidad,0.00%,-6.87%,-8.00%,-5.80%,-5.80%,-5.80%,-5.80%,-5.80%,-5.80%,-5.80%,-4.69%,-6.84%,-6.84%,-6.84%,-7.96%,-1.32%,-1.32%,-1.32%,-1.32%,-1.32%,-1.32%,-1.32%,-0.18%,-6.91%,-6.91%,-6.91%,-8.04%,-1.31%,-1.31%,-1.31%,-1.31%,-1.31%,-1.31%,-1.31%,-0.15%,-6.92%,-6.92%,-6.92%,-8.06%,-1.42%,-1.42%,-1.42%,-1.42%,-1.42%,-1.42%,-1.42%,-0.24%,-7.00%,-7.00%,-7.00%,-8.14%,-1.51%,-1.51%,-1.51%,-1.51%,-1.51%,-1.51%,-1.51%,-0.33%,-7.02%,-7.02%,-7.02%,-8.18%,6.68%,6.68%,6.68%,6.68%,6.68%,6.68%,6.68%,7.95%,-8.16%,-8.16%,-8.16%,-9.34%,-2.91%,-2.91%,-2.91%,-2.91%,-2.91%,-2.91%,-2.91%,-1.73%,-8.20%,-8.20%,-8.20%,-9.39%,-2.85%,-2.85%,-2.85%,-2.85%,-2.85%,-2.85%,-2.85%,-1.64%,-8.21%,-8.21%,-8.21%,-9.42%,-2.87%,-2.87%,-2.87%,-2.87%,-2.87%,-2.87%,-2.87%,-1.65%,-8.31%,-8.31%,-8.31%,-9.54%,-2.78%,-2.78%,-2.78%,-2.78%,-2.78%,-2.78%,-2.78%,-1.53%,-8.32%,-8.32%,-8.32%,-9.59%,-2.83%,-2.83%,-2.83%,-2.83%,-2.83%,-2.83%,-2.83%,-1.55%,-8.40%,-8.40%,-8.40%,-9.70%,-2.88%,-2.88%,-2.88%,-2.88%,-2.88%,-2.88%,-2.88%,-1.56%,-8.46%,-8.46%,-8.46%,-9.80%,-2.93%,-2.93%,-2.93%,-2.93%,-2.93%,-2.93%,-2.93%,-1.57%,-8.53%,-8.53%,-8.53%,-9.92%,-3.02%,-3.02%,-3.02%,-3.02%,-3.02%,-3.02%,-3.02%,-1.62%,-8.58%,-8.58%,-8.58%,-10.01%,-3.10%,-3.10%,-3.10%,-3.10%,-3.10%,-3.10%,-3.10%,-1.65%,-8.67%,-8.67%,-8.67%,-10.15%,-3.20%,-3.20%,-3.20%,-3.20%,-3.20%,-3.20%,-3.20%,-1.71%,-8.71%,-8.71%,-8.71%,-10.24%,-3.32%,-3.32%,-3.32%,-3.32%,-3.32%,-3.32%,-3.32%,-1.78%,-8.80%,-8.80%,-8.80%,-10.39%,-3.42%,-3.42%,-3.42%,-3.42%,-3.42%,-3.42%,-3.42%,-1.82%,-8.89%,-8.89%,-8.89%,-10.53%,-3.61%,-3.61%,-3.61%,-3.61%,-3.61%,-3.61%,-3.61%,-1.95%,-8.95%,-8.95%,-8.95%,-10.66%,-3.75%,-3.75%,-3.75%,-3.75%,-3.75%,-3.75%,-3.75%,-2.03%,-9.05%,-9.05%,-9.05%,-10.82%,-3.29%,-3.29%,-3.29%,-3.29%,-3.29%,-3.29%,0.00%
FLUJOS NOMINALES,Jubilación,0.00%,0.00%,0.00%,0.00%,0.00%,0.00%,0.00%,0.00%,0.00%,0.00%,0.00%,0.00%,0.00%,0.00%,0.00%,0.00%,0.00%,0.00%,0.00%,0.00%,0.00%,0.00%,0.00%,0.00%,0.00%,0.00%,0.00%,0.00%,0.00%,0.00%,0.00%,0.00%,0.00%,0.00%,0.00%,0.00%,0.00%,0.00%,0.00%,0.00%,0.00%,0.00%,0.00%,0.00%,0.00%,0.00%,0.00%,0.00%,0.00%,0.00%,0.00%,0.00%,0.00%,0.00%,0.00%,0.00%,0.00%,0.00%,0.00%,0.00%,0.00%,0.00%,0.00%,0.00%,0.00%,0.00%,0.00%,0.00%,0.00%,0.00%,0.00%,0.00%,0.00%,0.00%,0.00%,0.00%,0.00%,0.00%,0.01%,0.01%,0.01%,0.01%,0.01%,0.01%,0.01%,0.01%,0.01%,0.01%,0.01%,0.01%,0.01%,0.01%,0.01%,0.01%,0.01%,0.01%,0.01%,0.01%,0.01%,0.01%,0.01%,0.01%,0.01%,0.01%,0.01%,0.01%,0.01%,0.01%,0.01%,0.01%,0.01%,0.01%,0.01%,0.01%,0.01%,0.01%,0.02%,0.02%,0.02%,0.02%,0.02%,0.02%,0.02%,0.02%,0.02%,0.02%,0.02%,0.02%,0.02%,0.02%,0.02%,0.02%,0.02%,0.02%,0.02%,0.02%,0.02%,0.02%,0.02%,0.02%,0.02%,0.02%,0.02%,0.02%,0.02%,0.03%,0.03%,0.03%,0.03%,0.03%,0.03%,0.03%,0.03%,0.03%,0.03%,0.03%,0.03%,0.03%,0.03%,0.03%,0.03%,0.03%,0.03%,0.03%,0.03%,0.03%,0.03%,0.04%,0.04%,0.04%,0.04%,0.04%,0.04%,0.04%,0.04%,0.04%,0.04%,0.04%,0.04%,0.04%,0.04%,0.04%,0.04%,0.04%,0.04%,0.04%,0.04%,0.05%,0.05%,0.05%,0.05%,0.05%,0.05%,0.05%,0.05%,0.05%,0.05%,0.05%,0.05%,0.05%,0.05%,0.05%,0.05%,0.05%,0.06%,0.06%,0.06%,0.06%,0.06%,0.06%,0.06%,0.06%,0.06%,0.06%,0.06%,0.06%,0.06%,0.06%,0.06%,0.07%,0.07%,0.07%,0.07%,0.07%,0.07%,0.07%,0.07%,0.07%,0.07%,0.07%,0.07%,0.07%,0.07%,0.08%,0.08%,0.08%,0.08%,0.08%,0.08%,0.08%,0.08%,0.08%,0.08%,0.08%,0.08%,0.08%,0.08%,0.08%,0.08%,0.00%
FLUJOS NOMINALES,Fallecimiento,0.00%,0.00%,0.00%,0.00%,0.00%,0.00%,0.00%,0.00%,0.00%,0.00%,0.00%,0.00%,0.00%,0.00%,0.00%,0.00%,0.00%,0.00%,0.00%,0.00%,0.00%,0.00%,0.00%,0.00%,0.00%,0.00%,0.00%,0.00%,0.00%,0.00%,0.00%,0.00%,0.00%,0.00%,0.00%,0.00%,0.00%,0.00%,0.00%,0.00%,0.00%,0.00%,0.00%,0.00%,0.00%,0.00%,0.00%,0.00%,0.00%,0.00%,0.00%,0.00%,0.00%,0.00%,0.00%,0.00%,0.00%,0.00%,0.00%,0.00%,0.00%,0.00%,0.00%,0.00%,0.00%,0.00%,0.00%,0.00%,0.00%,0.00%,0.00%,0.00%,0.00%,0.00%,0.00%,0.00%,0.00%,0.00%,0.00%,0.00%,0.00%,0.00%,0.00%,0.00%,0.00%,0.00%,0.00%,0.00%,0.00%,0.00%,0.00%,0.00%,0.00%,0.00%,0.00%,0.00%,0.00%,0.00%,0.01%,0.01%,0.01%,0.01%,0.01%,0.01%,0.01%,0.01%,0.01%,0.01%,0.01%,0.01%,0.01%,0.01%,0.01%,0.01%,0.01%,0.01%,0.01%,0.01%,0.01%,0.01%,0.01%,0.01%,0.01%,0.01%,0.01%,0.01%,0.01%,0.01%,0.01%,0.01%,0.01%,0.01%,0.01%,0.01%,0.01%,0.01%,0.01%,0.01%,0.01%,0.01%,0.01%,0.01%,0.01%,0.01%,0.01%,0.01%,0.01%,0.01%,0.01%,0.02%,0.02%,0.02%,0.02%,0.02%,0.02%,0.02%,0.02%,0.02%,0.02%,0.02%,0.02%,0.02%,0.02%,0.02%,0.02%,0.02%,0.02%,0.02%,0.02%,0.02%,0.02%,0.02%,0.02%,0.02%,0.02%,0.02%,0.02%,0.02%,0.02%,0.02%,0.02%,0.02%,0.03%,0.03%,0.03%,0.03%,0.03%,0.03%,0.03%,0.03%,0.03%,0.03%,0.03%,0.03%,0.03%,0.03%,0.03%,0.03%,0.03%,0.03%,0.03%,0.03%,0.03%,0.03%,0.03%,0.03%,0.03%,0.03%,0.04%,0.04%,0.04%,0.04%,0.04%,0.04%,0.04%,0.04%,0.04%,0.04%,0.04%,0.04%,0.04%,0.04%,0.04%,0.04%,0.04%,0.04%,0.04%,0.04%,0.04%,0.05%,0.05%,0.05%,0.05%,0.05%,0.05%,0.05%,0.05%,0.05%,0.05%,0.05%,0.05%,0.05%,0.05%,0.05%,0.05%,0.05%,0.05%,0.05%,0.08%,0.00%
FLUJOS NOMINALES,Incapacidad Permanente,-3.56%,-3.56%,-4.87%,-4.87%,-4.87%,-4.87%,-4.87%,-4.87%,-4.87%,-4.87%,-3.58%,-3.58%,-3.58%,-3.58%,-4.88%,-4.88%,-4.88%,-4.88%,-4.88%,-4.88%,-4.88%,-4.88%,-3.60%,-3.60%,-3.60%,-3.60%,-4.91%,-4.91%,-4.91%,-4.91%,-4.91%,-4.91%,-4.91%,-4.91%,-3.63%,-3.63%,-3.63%,-3.63%,-4.95%,-4.95%,-4.95%,-4.95%,-4.95%,-4.95%,-4.95%,-4.95%,-3.65%,-3.65%,-3.65%,-3.65%,-4.99%,-4.99%,-4.99%,-4.99%,-4.99%,-4.99%,-4.99%,-4.99%,-3.67%,-3.67%,-3.67%,-3.67%,-5.03%,-5.03%,-5.03%,-5.03%,-5.03%,-5.03%,-5.03%,-5.03%,-3.70%,-3.70%,-3.70%,-3.70%,-5.07%,-5.07%,-5.07%,-5.07%,-5.07%,-5.07%,-5.07%,-5.07%,-3.72%,-3.72%,-3.72%,-3.72%,-5.12%,-5.12%,-5.12%,-5.12%,-5.12%,-5.12%,-5.12%,-5.12%,-3.75%,-3.75%,-3.75%,-3.75%,-5.17%,-5.17%,-5.17%,-5.17%,-5.17%,-5.17%,-5.17%,-5.17%,-3.77%,-3.77%,-3.77%,-3.77%,-5.23%,-5.23%,-5.23%,-5.23%,-5.23%,-5.23%,-5.23%,-5.23%,-3.80%,-3.80%,-3.80%,-3.80%,-5.29%,-5.29%,-5.29%,-5.29%,-5.29%,-5.29%,-5.29%,-5.29%,-3.83%,-3.83%,-3.83%,-3.83%,-5.37%,-5.37%,-5.37%,-5.37%,-5.37%,-5.37%,-5.37%,-5.37%,-3.86%,-3.86%,-3.86%,-3.86%,-5.45%,-5.45%,-5.45%,-5.45%,-5.45%,-5.45%,-5.45%,-5.45%,-3.89%,-3.89%,-3.89%,-3.89%,-5.53%,-5.53%,-5.53%,-5.53%,-5.53%,-5.53%,-5.53%,-5.53%,-3.92%,-3.92%,-3.92%,-3.92%,-5.62%,-5.62%,-5.62%,-5.62%,-5.62%,-5.62%,-5.62%,-5.62%,-3.96%,-3.96%,-3.96%,-3.96%,-5.72%,-5.72%,-5.72%,-5.72%,-5.72%,-5.72%,-5.72%,-5.72%,-3.99%,-3.99%,-3.99%,-3.99%,-5.82%,-5.82%,-5.82%,-5.82%,-5.82%,-5.82%,-5.82%,-5.82%,-4.03%,-4.03%,-4.03%,-4.03%,-5.93%,-5.93%,-5.93%,-5.93%,-5.93%,-5.93%,-5.93%,-5.93%,-4.07%,-4.07%,-4.07%,-4.07%,-6.05%,-6.05%,-6.05%,-6.05%,-6.05%,-6.05%,-6.05%,-6.05%,-4.12%,-4.12%,-4.12%,-4.12%,-6.18%,-6.18%,-6.18%,-6.18%,-6.18%,-6.18%,-6.18%,-6.18%,-4.16%,-4.16%,-4.16%,-4.16%,-6.32%,-6.32%,-6.32%,-6.32%,-6.32%,-6.32%,-6.32%,-6.32%
FONDO,Fund Accum,0.00%,0.00%,0.00%,0.00%,0.00%,0.00%,0.00%,0.00%,0.00%,0.00%,0.00%,0.00%,0.00%,0.00%,0.00%,0.00%,0.00%,0.00%,0.00%,0.00%,0.00%,0.00%,0.00%,0.00%,0.00%,0.00%,0.00%,0.00%,0.00%,0.00%,0.00%,0.00%,0.00%,0.00%,0.00%,0.00%,0.00%,0.00%,0.00%,0.00%,0.00%,0.00%,0.00%,0.00%,0.00%,0.00%,0.00%,0.00%,0.00%,0.00%,0.00%,0.00%,0.00%,0.00%,0.00%,0.00%,0.00%,0.00%,0.00%,0.00%,0.00%,0.00%,0.00%,0.00%,0.00%,0.00%,0.00%,0.00%,0.00%,0.00%,0.00%,0.00%,0.00%,0.00%,0.00%,0.00%,0.00%,0.00%,0.00%,0.01%,0.01%,0.01%,0.01%,0.01%,0.01%,0.01%,0.01%,0.01%,0.01%,0.01%,0.01%,0.01%,0.01%,0.01%,0.01%,0.01%,0.01%,0.01%,0.01%,0.01%,0.01%,0.01%,0.01%,0.01%,0.01%,0.01%,0.01%,0.01%,0.01%,0.01%,0.01%,0.01%,0.01%,0.01%,0.01%,0.01%,0.01%,0.02%,0.02%,0.02%,0.02%,0.02%,0.02%,0.02%,0.02%,0.02%,0.02%,0.02%,0.02%,0.02%,0.02%,0.02%,0.02%,0.02%,0.02%,0.02%,0.02%,0.02%,0.02%,0.02%,0.02%,0.02%,0.02%,0.02%,0.02%,0.02%,0.03%,0.03%,0.03%,0.03%,0.03%,0.03%,0.03%,0.03%,0.03%,0.03%,0.03%,0.03%,0.03%,0.03%,0.03%,0.03%,0.03%,0.03%,0.03%,0.03%,0.03%,0.03%,0.04%,0.04%,0.04%,0.04%,0.04%,0.04%,0.04%,0.04%,0.04%,0.04%,0.04%,0.04%,0.04%,0.04%,0.04%,0.04%,0.04%,0.04%,0.04%,0.04%,0.05%,0.05%,0.05%,0.05%,0.05%,0.05%,0.05%,0.05%,0.05%,0.05%,0.05%,0.05%,0.05%,0.05%,0.05%,0.05%,0.05%,0.06%,0.06%,0.06%,0.06%,0.06%,0.06%,0.06%,0.06%,0.06%,0.06%,0.06%,0.06%,0.06%,0.06%,0.06%,0.07%,0.07%,0.07%,0.07%,0.07%,0.07%,0.07%,0.07%,0.07%,0.07%,0.07%,0.07%,0.07%,0.07%,0.08%,0.08%,0.08%,0.08%,0.08%,0.08%,0.08%,0.08%,0.08%,0.08%,0.08%,0.08%,0.08%,0.08%,0.08%,0.00%
FONDO,Contributions Net,0.00%,0.02%,0.02%,0.03%,0.03%,0.03%,0.03%,0.03%,0.03%,0.03%,0.03%,0.03%,0.03%,0.03%,0.03%,0.03%,0.03%,0.03%,0.03%,0.03%,0.03%,0.03%,0.03%,0.03%,0.03%,0.03%,0.03%,0.04%,0.04%,0.04%,0.04%,0.04%,0.04%,0.04%,0.04%,0.04%,0.04%,0.04%,0.04%,0.04%,0.04%,0.04%,0.04%,0.04%,0.04%,0.04%,0.04%,0.04%,0.04%,0.04%,0.04%,0.05%,0.05%,0.05%,0.05%,0.05%,0.05%,0.05%,0.05%,0.05%,0.05%,0.05%,0.05%,0.06%,0.06%,0.06%,0.06%,0.06%,0.06%,0.06%,0.06%,0.06%,0.07%,0.07%,0.07%,0.07%,0.07%,0.07%,0.07%,0.07%,0.07%,0.08%,0.08%,0.08%,0.08%,0.08%,0.08%,0.09%,0.09%,0.09%,0.09%,0.09%,0.09%,0.09%,0.09%,0.09%,0.09%,0.09%,0.09%,0.10%,0.10%,0.10%,0.10%,0.10%,0.10%,0.10%,0.10%,0.10%,0.10%,0.10%,0.10%,0.11%,0.11%,0.11%,0.11%,0.11%,0.12%,0.12%,0.12%,0.12%,0.12%,0.12%,0.12%,0.13%,0.13%,0.13%,0.13%,0.13%,0.13%,0.13%,0.13%,0.13%,0.13%,0.13%,0.13%,0.15%,0.15%,0.15%,0.15%,0.15%,0.15%,0.15%,0.15%,0.15%,0.15%,0.15%,0.15%,0.17%,0.17%,0.17%,0.17%,0.17%,0.17%,0.17%,0.17%,0.17%,0.17%,0.17%,0.17%,0.19%,0.19%,0.19%,0.19%,0.19%,0.19%,0.19%,0.19%,0.19%,0.19%,0.19%,0.20%,0.21%,0.21%,0.21%,0.21%,0.21%,0.22%,0.22%,0.22%,0.22%,0.22%,0.22%,0.22%,0.24%,0.24%,0.24%,0.24%,0.24%,0.24%,0.24%,0.24%,0.25%,0.25%,0.25%,0.25%,0.27%,0.27%,0.27%,0.27%,0.27%,0.27%,0.27%,0.27%,0.28%,0.28%,0.28%,0.28%,0.30%,0.30%,0.30%,0.30%,0.30%,0.31%,0.31%,0.31%,0.31%,0.31%,0.31%,0.31%,0.34%,0.34%,0.34%,0.34%,0.34%,0.34%,0.34%,0.35%,0.35%,0.35%,0.35%,0.35%,0.38%,0.38%,0.38%,0.38%,0.38%,0.38%,0.39%,0.39%,0.39%,0.39%,0.39%,0.04%,0.05%,0.05%,0.05%,0.05%,0.05%,0.00%,0.00%
FONDO,Loading Fund,0.00%,0.00%,0.00%,0.00%,0.00%,0.00%,0.00%,0.00%,0.00%,0.00%,0.00%,0.00%,0.00%,0.00%,0.00%,0.00%,0.00%,0.00%,0.00%,0.00%,0.00%,0.00%,0.00%,0.00%,0.00%,0.00%,0.00%,0.00%,0.00%,0.00%,0.00%,0.00%,0.00%,0.00%,0.00%,0.00%,0.00%,0.00%,0.00%,0.00%,0.00%,0.00%,0.00%,0.00%,0.00%,0.00%,0.00%,0.00%,0.00%,0.00%,0.00%,0.00%,0.00%,0.00%,0.00%,0.00%,0.00%,0.00%,0.00%,0.00%,0.00%,0.00%,0.00%,0.00%,0.00%,0.00%,0.00%,0.00%,0.00%,0.00%,0.00%,0.00%,0.00%,0.00%,0.00%,0.00%,0.00%,0.00%,0.00%,0.01%,0.01%,0.01%,0.01%,0.01%,0.01%,0.01%,0.01%,0.01%,0.01%,0.01%,0.01%,0.01%,0.01%,0.01%,0.01%,0.01%,0.01%,0.01%,0.01%,0.01%,0.01%,0.01%,0.01%,0.01%,0.01%,0.01%,0.01%,0.01%,0.01%,0.01%,0.01%,0.01%,0.01%,0.01%,0.01%,0.01%,0.01%,0.02%,0.02%,0.02%,0.02%,0.02%,0.02%,0.02%,0.02%,0.02%,0.02%,0.02%,0.02%,0.02%,0.02%,0.02%,0.02%,0.02%,0.02%,0.02%,0.02%,0.02%,0.02%,0.02%,0.02%,0.02%,0.02%,0.02%,0.02%,0.02%,0.03%,0.03%,0.03%,0.03%,0.03%,0.03%,0.03%,0.03%,0.03%,0.03%,0.03%,0.03%,0.03%,0.03%,0.03%,0.03%,0.03%,0.03%,0.03%,0.03%,0.03%,0.03%,0.04%,0.04%,0.04%,0.04%,0.04%,0.04%,0.04%,0.04%,0.04%,0.04%,0.04%,0.04%,0.04%,0.04%,0.04%,0.04%,0.04%,0.04%,0.04%,0.04%,0.05%,0.05%,0.05%,0.05%,0.05%,0.05%,0.05%,0.05%,0.05%,0.05%,0.05%,0.05%,0.05%,0.05%,0.05%,0.05%,0.05%,0.06%,0.06%,0.06%,0.06%,0.06%,0.06%,0.06%,0.06%,0.06%,0.06%,0.06%,0.06%,0.06%,0.06%,0.06%,0.07%,0.07%,0.07%,0.07%,0.07%,0.07%,0.07%,0.07%,0.07%,0.07%,0.07%,0.07%,0.07%,0.07%,0.08%,0.08%,0.08%,0.08%,0.08%,0.08%,0.08%,0.08%,0.08%,0.08%,0.08%,0.08%,0.08%,0.08%,0.08%,0.00%
FONDO,Consorcio,0.00%,61.39%,59.45%,59.45%,59.45%,59.45%,59.45%,59.45%,59.45%,59.45%,61.36%,61.36%,61.36%,61.36%,59.44%,59.44%,59.44%,59.44%,59.44%,59.44%,59.44%,59.44%,61.34%,61.34%,61.34%,61.34%,59.40%,59.40%,59.40%,59.40%,59.40%,59.40%,59.40%,59.40%,61.31%,61.31%,61.31%,61.31%,59.35%,59.35%,59.35%,59.35%,59.35%,59.35%,59.35%,59.35%,61.29%,61.29%,61.29%,61.29%,59.31%,59.31%,59.31%,59.31%,59.31%,59.31%,59.31%,59.31%,61.26%,61.26%,61.26%,61.26%,59.26%,59.26%,59.26%,59.26%,59.26%,59.26%,59.26%,59.26%,61.23%,61.23%,61.23%,61.23%,59.22%,59.22%,59.22%,59.22%,59.22%,59.22%,59.22%,59.22%,61.21%,61.21%,61.21%,61.21%,59.16%,59.16%,59.16%,59.16%,59.16%,59.16%,59.16%,59.16%,61.18%,61.18%,61.18%,61.18%,59.10%,59.10%,59.10%,59.10%,59.10%,59.10%,59.10%,59.10%,61.15%,61.15%,61.15%,61.15%,59.03%,59.03%,59.03%,59.03%,59.03%,59.03%,59.03%,59.03%,61.12%,61.12%,61.12%,61.12%,58.94%,58.94%,58.94%,58.94%,58.94%,58.94%,58.94%,58.94%,61.09%,61.09%,61.09%,61.09%,58.85%,58.85%,58.85%,58.85%,58.85%,58.85%,58.85%,58.85%,61.06%,61.06%,61.06%,61.06%,58.75%,58.75%,58.75%,58.75%,58.75%,58.75%,58.75%,58.75%,61.03%,61.03%,61.03%,61.03%,58.64%,58.64%,58.64%,58.64%,58.64%,58.64%,58.64%,58.64%,60.99%,60.99%,60.99%,60.99%,58.53%,58.53%,58.53%,58.53%,58.53%,58.53%,58.53%,58.53%,60.95%,60.95%,60.95%,60.95%,58.41%,58.41%,58.41%,58.41%,58.41%,58.41%,58.41%,58.41%,60.91%,60.91%,60.91%,60.91%,58.28%,58.28%,58.28%,58.28%,58.28%,58.28%,58.28%,58.28%,60.87%,60.87%,60.87%,60.87%,58.14%,58.14%,58.14%,58.14%,58.14%,58.14%,58.14%,58.14%,60.83%,60.83%,60.83%,60.83%,58.00%,58.00%,58.00%,58.00%,58.00%,58.00%,58.00%,58.00%,60.79%,60.79%,60.79%,60.79%,57.84%,57.84%,57.84%,57.84%,57.84%,57.84%,57.84%,57.84%,60.74%,60.74%,60.74%,60.74%,57.67%,57.67%,57.67%,57.67%,57.67%,57.67%,57.67%,0.00%
FONDO,Fund Return Int Tech,0.00%,0.00%,0.00%,0.00%,0.00%,0.00%,0.00%,0.00%,0.00%,0.00%,0.00%,0.00%,0.00%,0.00%,0.00%,0.00%,0.00%,0.00%,0.00%,0.00%,0.00%,0.00%,0.00%,0.00%,0.00%,0.00%,0.00%,0.00%,0.00%,0.00%,0.00%,0.00%,0.00%,0.00%,0.00%,0.00%,0.00%,0.00%,0.00%,0.00%,0.00%,0.00%,0.00%,0.00%,0.00%,0.00%,0.00%,0.00%,0.00%,0.00%,0.00%,0.00%,0.00%,0.00%,0.00%,0.00%,0.00%,0.00%,0.00%,0.00%,0.00%,0.00%,0.00%,0.00%,0.00%,0.00%,0.00%,0.00%,0.00%,0.00%,0.00%,0.00%,0.00%,0.00%,0.00%,0.00%,0.00%,0.00%,0.00%,0.00%,0.00%,0.00%,0.00%,0.00%,0.00%,0.00%,0.00%,0.00%,0.00%,0.00%,0.00%,0.00%,0.00%,0.00%,0.00%,0.00%,0.00%,0.00%,0.00%,0.00%,0.00%,0.00%,0.00%,0.00%,0.00%,0.00%,0.00%,0.00%,0.00%,0.00%,0.00%,0.00%,0.00%,0.00%,0.00%,0.00%,0.00%,0.00%,0.00%,0.00%,0.00%,0.00%,0.00%,0.00%,0.00%,0.00%,0.00%,0.00%,0.00%,0.00%,0.00%,0.00%,0.00%,0.00%,0.00%,0.00%,0.00%,0.00%,0.00%,0.00%,0.00%,0.00%,0.00%,0.00%,0.00%,0.00%,0.00%,0.00%,0.00%,0.00%,0.00%,0.00%,0.00%,0.00%,0.00%,0.00%,0.00%,0.00%,0.00%,0.00%,0.00%,0.00%,0.00%,0.00%,0.00%,0.00%,0.00%,0.00%,0.00%,0.00%,0.00%,0.00%,0.00%,0.00%,0.00%,0.00%,0.00%,0.00%,0.00%,0.00%,0.00%,0.00%,0.00%,0.00%,0.00%,0.00%,0.00%,0.00%,0.00%,0.00%,0.00%,0.00%,0.00%,0.00%,0.00%,0.00%,0.00%,0.00%,0.00%,0.00%,0.00%,0.00%,0.00%,0.00%,0.00%,0.00%,0.00%,0.00%,0.00%,0.00%,0.00%,0.00%,0.00%,0.00%,0.00%,0.00%,0.00%,0.00%,0.00%,0.00%,0.00%,0.00%,0.00%,0.00%,0.00%,0.00%,0.00%,0.00%,0.00%,0.00%,0.00%,0.00%,0.00%,0.00%,0.00%,0.00%,0.00%,0.00%,0.00%,0.00%,0.00%,0.00%,0.00%,0.00%,0.00%,0.00%,0.00%,0.00%,0.00%,0.00%
FONDO,Fund Return Profit Sh,0.00%,0.00%,0.00%,0.00%,0.00%,0.00%,0.00%,0.00%,0.00%,0.00%,0.00%,0.00%,0.00%,0.00%,0.00%,0.00%,0.00%,0.00%,0.00%,0.00%,0.00%,0.00%,0.00%,0.00%,0.00%,0.00%,0.00%,0.00%,0.00%,0.00%,0.00%,0.00%,0.00%,0.00%,0.00%,0.00%,0.00%,0.00%,0.00%,0.00%,0.00%,0.00%,0.00%,0.00%,0.00%,0.00%,0.00%,0.00%,0.00%,0.00%,0.00%,0.00%,0.00%,0.00%,0.00%,0.00%,0.00%,0.00%,0.00%,0.00%,0.00%,0.00%,0.00%,0.00%,0.00%,0.00%,0.00%,0.00%,0.00%,0.00%,0.00%,0.00%,0.00%,0.00%,0.00%,0.00%,0.00%,0.00%,0.00%,0.00%,0.00%,0.00%,0.00%,0.00%,0.00%,0.00%,0.00%,0.00%,0.00%,0.00%,0.00%,0.00%,0.00%,0.00%,0.00%,0.00%,0.00%,0.00%,0.00%,0.00%,0.00%,0.00%,0.00%,0.00%,0.00%,0.00%,0.00%,0.00%,0.00%,0.00%,0.00%,0.00%,0.00%,0.00%,0.00%,0.00%,0.00%,0.00%,0.00%,0.00%,0.00%,0.00%,0.00%,0.00%,0.00%,0.00%,0.00%,0.00%,0.00%,0.00%,0.00%,0.00%,0.00%,0.00%,0.00%,0.00%,0.00%,0.00%,0.00%,0.00%,0.00%,0.00%,0.00%,0.00%,0.00%,0.00%,0.00%,0.00%,0.00%,0.00%,0.00%,0.00%,0.00%,0.00%,0.00%,0.00%,0.00%,0.00%,0.00%,0.00%,0.00%,0.00%,0.00%,0.00%,0.00%,0.00%,0.00%,0.00%,0.00%,0.00%,0.00%,0.00%,0.00%,0.00%,0.00%,0.00%,0.00%,0.00%,0.00%,0.00%,0.00%,0.00%,0.00%,0.00%,0.00%,0.00%,0.00%,0.00%,0.00%,0.00%,0.00%,0.00%,0.00%,0.00%,0.00%,0.00%,0.00%,0.00%,0.00%,0.00%,0.00%,0.00%,0.00%,0.00%,0.00%,0.00%,0.00%,0.00%,0.00%,0.00%,0.00%,0.00%,0.00%,0.00%,0.00%,0.00%,0.00%,0.00%,0.00%,0.00%,0.00%,0.00%,0.00%,0.00%,0.00%,0.00%,0.00%,0.00%,0.00%,0.00%,0.00%,0.00%,0.00%,0.00%,0.00%,0.00%,0.00%,0.00%,0.00%,0.00%,0.00%,0.00%,0.00%,0.00%,0.00%,0.00%,0.00%,0.00%,0.00%,0.00%
Fallec.,Fund Accum,0.00%,0.00%,0.00%,0.00%,0.00%,0.00%,0.00%,0.00%,0.00%,0.00%,0.00%,0.00%,0.00%,0.00%,0.00%,0.00%,0.00%,0.00%,0.00%,0.00%,0.00%,0.00%,0.00%,0.00%,0.00%,0.00%,0.00%,0.00%,0.00%,0.00%,0.00%,0.00%,0.00%,0.00%,0.00%,0.00%,0.00%,0.00%,0.00%,0.00%,0.00%,0.00%,0.00%,0.00%,0.00%,0.00%,0.00%,0.00%,0.00%,0.00%,0.00%,0.00%,0.00%,0.00%,0.00%,0.00%,0.00%,0.00%,0.00%,0.00%,0.00%,0.00%,0.00%,0.00%,0.00%,0.00%,0.00%,0.00%,0.00%,0.00%,0.00%,0.00%,0.00%,0.00%,0.00%,0.00%,0.00%,0.00%,0.00%,0.01%,0.01%,0.01%,0.01%,0.01%,0.01%,0.01%,0.01%,0.01%,0.01%,0.01%,0.01%,0.01%,0.01%,0.01%,0.01%,0.01%,0.01%,0.01%,0.01%,0.01%,0.01%,0.01%,0.01%,0.01%,0.01%,0.01%,0.01%,0.01%,0.01%,0.01%,0.01%,0.01%,0.01%,0.01%,0.01%,0.01%,0.01%,0.02%,0.02%,0.02%,0.02%,0.02%,0.02%,0.02%,0.02%,0.02%,0.02%,0.02%,0.02%,0.02%,0.02%,0.02%,0.02%,0.02%,0.02%,0.02%,0.02%,0.02%,0.02%,0.02%,0.02%,0.02%,0.02%,0.02%,0.02%,0.02%,0.03%,0.03%,0.03%,0.03%,0.03%,0.03%,0.03%,0.03%,0.03%,0.03%,0.03%,0.03%,0.03%,0.03%,0.03%,0.03%,0.03%,0.03%,0.03%,0.03%,0.03%,0.03%,0.04%,0.04%,0.04%,0.04%,0.04%,0.04%,0.04%,0.04%,0.04%,0.04%,0.04%,0.04%,0.04%,0.04%,0.04%,0.04%,0.04%,0.04%,0.04%,0.04%,0.05%,0.05%,0.05%,0.05%,0.05%,0.05%,0.05%,0.05%,0.05%,0.05%,0.05%,0.05%,0.05%,0.05%,0.05%,0.05%,0.05%,0.06%,0.06%,0.06%,0.06%,0.06%,0.06%,0.06%,0.06%,0.06%,0.06%,0.06%,0.06%,0.06%,0.06%,0.06%,0.07%,0.07%,0.07%,0.07%,0.07%,0.07%,0.07%,0.07%,0.07%,0.07%,0.07%,0.07%,0.07%,0.07%,0.08%,0.08%,0.08%,0.08%,0.08%,0.08%,0.08%,0.08%,0.08%,0.08%,0.08%,0.08%,0.08%,0.08%,0.08%,0.00%
Fallec.,Add Lump Sum,0.00%,0.00%,0.00%,0.00%,0.00%,0.00%,0.00%,0.00%,0.00%,0.00%,0.00%,0.00%,0.00%,0.00%,0.00%,0.00%,0.00%,0.00%,0.00%,0.00%,0.00%,0.00%,0.00%,0.00%,0.00%,0.00%,0.00%,0.00%,0.00%,0.00%,0.00%,0.00%,0.00%,0.00%,0.00%,0.00%,0.00%,0.00%,0.00%,0.00%,0.00%,0.00%,0.00%,0.00%,0.00%,0.00%,0.00%,0.00%,0.00%,0.00%,0.00%,0.00%,0.00%,0.00%,0.00%,0.00%,0.00%,0.00%,0.00%,0.00%,0.00%,0.00%,0.00%,0.00%,0.00%,0.00%,0.00%,0.00%,0.00%,0.00%,0.00%,0.00%,0.00%,0.00%,0.00%,0.00%,0.00%,0.00%,0.00%,0.00%,0.00%,0.00%,0.00%,0.00%,0.00%,0.00%,0.00%,0.00%,0.00%,0.00%,0.00%,0.00%,0.00%,0.00%,0.00%,0.00%,0.00%,0.00%,0.00%,0.00%,0.00%,0.00%,0.00%,0.00%,0.00%,0.00%,0.00%,0.00%,0.00%,0.00%,0.00%,0.00%,0.00%,0.00%,0.00%,0.00%,0.00%,0.00%,0.00%,0.00%,0.00%,0.00%,0.00%,0.00%,0.00%,0.00%,0.00%,0.00%,0.00%,0.00%,0.00%,0.00%,0.00%,0.00%,0.00%,0.00%,0.00%,0.00%,0.00%,0.00%,0.00%,0.00%,0.00%,0.00%,0.00%,0.00%,0.00%,0.00%,0.00%,0.00%,0.00%,0.00%,0.00%,0.00%,0.00%,0.00%,0.00%,0.00%,0.00%,0.00%,0.00%,0.00%,0.00%,0.00%,0.00%,0.00%,0.00%,0.00%,0.00%,0.00%,0.00%,0.00%,0.00%,0.00%,0.00%,0.00%,0.00%,0.00%,0.00%,0.00%,0.00%,0.00%,0.00%,0.00%,0.00%,0.00%,0.00%,0.00%,0.00%,0.00%,0.00%,0.00%,0.00%,0.00%,0.00%,0.00%,0.00%,0.00%,0.00%,0.00%,0.00%,0.00%,0.00%,0.00%,0.00%,0.00%,0.00%,0.00%,0.00%,0.00%,0.00%,0.00%,0.00%,0.00%,0.00%,0.00%,0.00%,0.00%,0.00%,0.00%,0.00%,0.00%,0.00%,0.00%,0.00%,0.00%,0.00%,0.00%,0.00%,0.00%,0.00%,0.00%,0.00%,0.00%,0.00%,0.00%,0.00%,0.00%,0.00%,0.00%,0.00%,0.00%,0.00%,0.00%,0.00%,0.00%,0.00%,0.00%,0.00%,0.00%
Fallec.,Lump Sum Death,0.00%,0.00%,0.00%,0.00%,0.00%,0.00%,0.00%,0.00%,0.00%,0.00%,0.00%,0.00%,0.00%,0.00%,0.00%,0.00%,0.00%,0.00%,0.00%,0.00%,0.00%,0.00%,0.00%,0.00%,0.00%,0.00%,0.00%,0.00%,0.00%,0.00%,0.00%,0.00%,0.00%,0.00%,0.00%,0.00%,0.00%,0.00%,0.00%,0.00%,0.00%,0.00%,0.00%,0.00%,0.00%,0.00%,0.00%,0.00%,0.00%,0.00%,0.00%,0.00%,0.00%,0.00%,0.00%,0.00%,0.00%,0.00%,0.00%,0.00%,0.00%,0.00%,0.00%,0.00%,0.00%,0.00%,0.00%,0.00%,0.00%,0.00%,0.00%,0.00%,0.00%,0.00%,0.00%,0.00%,0.00%,0.00%,0.00%,0.00%,0.00%,0.00%,0.00%,0.00%,0.00%,0.00%,0.00%,0.00%,0.00%,0.00%,0.00%,0.00%,0.00%,0.00%,0.00%,0.00%,0.00%,0.00%,0.00%,0.00%,0.00%,0.00%,0.00%,0.00%,0.00%,0.00%,0.00%,0.00%,0.00%,0.00%,0.00%,0.00%,0.00%,0.00%,0.00%,0.00%,0.00%,0.00%,0.00%,0.00%,0.00%,0.00%,0.00%,0.00%,0.00%,0.00%,0.00%,0.00%,0.00%,0.00%,0.00%,0.00%,0.00%,0.00%,0.00%,0.00%,0.00%,0.00%,0.00%,0.00%,0.00%,0.00%,0.00%,0.00%,0.00%,0.00%,0.00%,0.00%,0.00%,0.00%,0.00%,0.00%,0.00%,0.00%,0.00%,0.00%,0.00%,0.00%,0.00%,0.00%,0.00%,0.00%,0.00%,0.00%,0.00%,0.00%,0.00%,0.00%,0.00%,0.00%,0.00%,0.00%,0.00%,0.00%,0.00%,0.00%,0.00%,0.00%,0.00%,0.00%,0.00%,0.00%,0.00%,0.00%,0.00%,0.00%,0.00%,0.00%,0.00%,0.00%,0.00%,0.00%,0.00%,0.00%,0.00%,0.00%,0.00%,0.00%,0.00%,0.00%,0.00%,0.00%,0.00%,0.00%,0.00%,0.00%,0.00%,0.00%,0.00%,0.00%,0.00%,0.00%,0.00%,0.00%,0.00%,0.00%,0.00%,0.00%,0.00%,0.00%,0.00%,0.00%,0.00%,0.00%,0.00%,0.00%,0.00%,0.00%,0.00%,0.00%,0.00%,0.00%,0.00%,0.00%,0.00%,0.00%,0.00%,0.00%,0.00%,0.00%,0.00%,0.00%,0.00%,0.00%,0.00%,0.00%,0.00%,0.00%,0.00%,0.00%
Fallec.,Lump Sum Basic Death,0.00%,0.00%,0.00%,0.00%,0.00%,0.00%,0.00%,0.00%,0.00%,0.00%,0.00%,0.00%,0.00%,0.00%,0.00%,0.00%,0.00%,0.00%,0.00%,0.00%,0.00%,0.00%,0.00%,0.00%,0.00%,0.00%,0.00%,0.00%,0.00%,0.00%,0.00%,0.00%,0.00%,0.00%,0.00%,0.00%,0.00%,0.00%,0.00%,0.00%,0.00%,0.00%,0.00%,0.00%,0.00%,0.00%,0.00%,0.00%,0.00%,0.00%,0.00%,0.00%,0.00%,0.00%,0.00%,0.00%,0.00%,0.00%,0.00%,0.00%,0.00%,0.00%,0.00%,0.00%,0.00%,0.00%,0.00%,0.00%,0.00%,0.00%,0.00%,0.00%,0.00%,0.00%,0.00%,0.00%,0.00%,0.00%,0.00%,0.01%,0.01%,0.01%,0.01%,0.01%,0.01%,0.01%,0.01%,0.01%,0.01%,0.01%,0.01%,0.01%,0.01%,0.01%,0.01%,0.01%,0.01%,0.01%,0.01%,0.01%,0.01%,0.01%,0.01%,0.01%,0.01%,0.01%,0.01%,0.01%,0.01%,0.01%,0.01%,0.01%,0.01%,0.01%,0.01%,0.01%,0.01%,0.02%,0.02%,0.02%,0.02%,0.02%,0.02%,0.02%,0.02%,0.02%,0.02%,0.02%,0.02%,0.02%,0.02%,0.02%,0.02%,0.02%,0.02%,0.02%,0.02%,0.02%,0.02%,0.02%,0.02%,0.02%,0.02%,0.02%,0.02%,0.02%,0.03%,0.03%,0.03%,0.03%,0.03%,0.03%,0.03%,0.03%,0.03%,0.03%,0.03%,0.03%,0.03%,0.03%,0.03%,0.03%,0.03%,0.03%,0.03%,0.03%,0.03%,0.03%,0.04%,0.04%,0.04%,0.04%,0.04%,0.04%,0.04%,0.04%,0.04%,0.04%,0.04%,0.04%,0.04%,0.04%,0.04%,0.04%,0.04%,0.04%,0.04%,0.04%,0.05%,0.05%,0.05%,0.05%,0.05%,0.05%,0.05%,0.05%,0.05%,0.05%,0.05%,0.05%,0.05%,0.05%,0.05%,0.05%,0.05%,0.06%,0.06%,0.06%,0.06%,0.06%,0.06%,0.06%,0.06%,0.06%,0.06%,0.06%,0.06%,0.06%,0.06%,0.06%,0.07%,0.07%,0.07%,0.07%,0.07%,0.07%,0.07%,0.07%,0.07%,0.07%,0.07%,0.07%,0.07%,0.07%,0.08%,0.08%,0.08%,0.08%,0.08%,0.08%,0.08%,0.08%,0.08%,0.08%,0.08%,0.08%,0.08%,0.08%,0.00%,0.00%
FLUJOS PROBABLES,Aportaciones (ahorro),0.00%,0.02%,0.02%,0.03%,0.03%,0.03%,0.03%,0.03%,0.03%,0.03%,0.03%,0.03%,0.03%,0.03%,0.03%,0.03%,0.03%,0.03%,0.03%,0.03%,0.04%,0.04%,0.03%,0.03%,0.03%,0.03%,0.03%,0.04%,0.04%,0.04%,0.04%,0.04%,0.04%,0.04%,0.04%,0.04%,0.04%,0.04%,0.04%,0.05%,0.05%,0.05%,0.05%,0.05%,0.05%,0.05%,0.05%,0.05%,0.05%,0.05%,0.05%,0.06%,0.06%,0.06%,0.06%,0.06%,0.06%,0.06%,0.06%,0.06%,0.06%,0.06%,0.06%,0.07%,0.07%,0.07%,0.07%,0.07%,0.07%,0.07%,0.07%,0.07%,0.07%,0.07%,0.08%,0.08%,0.08%,0.08%,0.09%,0.09%,0.09%,0.09%,0.09%,0.09%,0.09%,0.09%,0.09%,0.10%,0.10%,0.10%,0.10%,0.10%,0.10%,0.10%,0.10%,0.10%,0.10%,0.10%,0.10%,0.11%,0.11%,0.11%,0.11%,0.11%,0.12%,0.12%,0.12%,0.12%,0.12%,0.12%,0.12%,0.13%,0.13%,0.13%,0.13%,0.13%,0.13%,0.13%,0.13%,0.13%,0.13%,0.13%,0.13%,0.15%,0.15%,0.15%,0.15%,0.15%,0.15%,0.15%,0.15%,0.15%,0.15%,0.15%,0.15%,0.17%,0.17%,0.17%,0.17%,0.17%,0.17%,0.17%,0.17%,0.17%,0.17%,0.17%,0.17%,0.19%,0.19%,0.19%,0.19%,0.19%,0.19%,0.19%,0.19%,0.19%,0.19%,0.19%,0.20%,0.21%,0.21%,0.21%,0.21%,0.21%,0.22%,0.22%,0.22%,0.22%,0.22%,0.22%,0.22%,0.24%,0.24%,0.24%,0.24%,0.24%,0.24%,0.24%,0.24%,0.24%,0.24%,0.25%,0.25%,0.27%,0.27%,0.27%,0.27%,0.27%,0.27%,0.27%,0.27%,0.27%,0.27%,0.27%,0.28%,0.30%,0.30%,0.30%,0.30%,0.30%,0.30%,0.31%,0.31%,0.31%,0.31%,0.31%,0.31%,0.34%,0.34%,0.34%,0.34%,0.34%,0.34%,0.34%,0.34%,0.35%,0.35%,0.35%,0.35%,0.38%,0.38%,0.38%,0.38%,0.38%,0.38%,0.38%,0.39%,0.39%,0.39%,0.39%,0.39%,0.42%,0.42%,0.42%,0.43%,0.43%,0.43%,0.43%,0.43%,0.44%,0.44%,0.44%,0.09%,0.10%,0.09%,0.09%,0.09%,0.09%,0.00%,0.00%
FLUJOS PROBABLES,Prima de riesgo por fallecimiento,0.00%,-14.29%,-14.29%,-14.28%,-14.28%,-14.28%,-14.28%,-14.28%,-14.28%,-14.28%,-14.28%,-14.28%,-14.28%,-14.28%,-14.28%,-14.28%,-14.28%,-14.28%,-14.28%,-14.28%,-14.28%,-14.28%,-14.28%,-14.28%,-14.28%,-14.28%,-14.28%,-14.28%,-14.28%,-14.28%,-14.28%,-14.28%,-14.28%,-14.28%,-14.28%,-14.28%,-14.28%,-14.28%,-14.28%,-14.28%,-14.28%,-14.28%,-14.28%,-14.28%,-14.28%,-14.28%,-14.28%,-14.28%,-14.28%,-14.28%,-14.28%,-14.28%,-14.28%,-14.28%,-14.28%,-14.28%,-14.28%,-14.28%,-14.28%,-14.28%,-14.28%,-14.28%,-14.28%,-14.28%,-14.28%,-14.28%,-14.28%,-14.28%,-14.28%,-14.28%,-14.28%,-14.28%,-14.28%,-14.28%,-14.28%,-14.28%,-14.28%,-14.28%,-14.28%,-14.28%,-14.28%,-14.28%,-14.28%,-14.28%,-14.28%,-14.28%,-14.28%,-14.27%,-14.27%,-14.27%,-14.27%,-14.27%,-14.27%,-14.27%,-14.27%,-14.27%,-14.27%,-14.27%,-14.27%,-14.27%,-14.27%,-14.27%,-14.27%,-14.27%,-14.27%,-14.27%,-14.27%,-14.27%,-14.27%,-14.27%,-14.27%,-14.27%,-14.27%,-14.27%,-14.27%,-14.27%,-14.27%,-14.27%,-14.27%,-14.27%,-14.27%,-14.27%,-14.27%,-14.27%,-14.27%,-14.27%,-14.27%,-14.27%,-14.27%,-14.27%,-14.27%,-14.27%,-14.27%,-14.27%,-14.27%,-14.27%,-14.27%,-14.27%,-14.27%,-14.27%,-14.27%,-14.27%,-14.27%,-14.27%,-14.27%,-14.27%,-14.27%,-14.26%,-14.26%,-14.26%,-14.26%,-14.26%,-14.26%,-14.26%,-14.26%,-14.26%,-14.26%,-14.26%,-14.26%,-14.26%,-14.26%,-14.26%,-14.26%,-14.26%,-14.26%,-14.26%,-14.26%,-14.26%,-14.26%,-14.26%,-14.26%,-14.26%,-14.26%,-14.26%,-14.26%,-14.26%,-14.26%,-14.26%,-14.26%,-14.26%,-14.26%,-14.26%,-14.26%,-14.26%,-14.26%,-14.26%,-14.26%,-14.26%,-14.26%,-14.26%,-14.26%,-14.26%,-14.26%,-14.26%,-14.26%,-14.25%,-14.25%,-14.25%,-14.25%,-14.25%,-14.25%,-14.25%,-14.25%,-14.25%,-14.25%,-14.25%,-14.25%,-14.25%,-14.25%,-14.25%,-14.25%,-14.25%,-14.25%,-14.25%,-14.25%,-14.25%,-14.25%,-14.25%,-14.25%,-14.24%,-14.24%,-14.24%,-14.24%,-14.24%,-14.24%,-14.24%,-14.24%,-14.24%,-14.24%,-14.24%,-14.24%,-14.24%,-14.24%,-14.24%,-14.24%,-14.24%,-14.24%,-14.24%,-14.24%,-14.24%,-14.24%,-14.24%,-14.25%,-14.24%,-14.25%,-14.25%,-14.25%,-14.25%,0.00%,0.00%
FLUJOS PROBABLES,Prima de riesgo por incapacidad,0.00%,-6.87%,-8.00%,-5.80%,-5.80%,-5.80%,-5.80%,-5.80%,-5.80%,-5.80%,-4.69%,-6.84%,-6.84%,-6.84%,-7.96%,-1.32%,-1.32%,-1.32%,-1.32%,-1.32%,-1.32%,-1.32%,-0.17%,-6.91%,-6.91%,-6.91%,-8.04%,-1.31%,-1.31%,-1.31%,-1.31%,-1.31%,-1.31%,-1.31%,-0.15%,-6.92%,-6.92%,-6.92%,-8.06%,-1.41%,-1.41%,-1.41%,-1.41%,-1.41%,-1.41%,-1.41%,-0.24%,-6.99%,-6.99%,-6.99%,-8.14%,-1.50%,-1.50%,-1.50%,-1.50%,-1.50%,-1.50%,-1.50%,-0.32%,-7.02%,-7.02%,-7.02%,-8.17%,6.69%,6.69%,6.69%,6.69%,6.69%,6.69%,6.69%,7.96%,-8.16%,-8.16%,-8.16%,-9.33%,-2.90%,-2.90%,-2.90%,-2.90%,-2.90%,-2.90%,-2.90%,-1.72%,-8.19%,-8.19%,-8.19%,-9.38%,-2.83%,-2.83%,-2.83%,-2.83%,-2.83%,-2.83%,-2.83%,-1.63%,-8.20%,-8.20%,-8.20%,-9.41%,-2.86%,-2.86%,-2.86%,-2.86%,-2.86%,-2.86%,-2.86%,-1.63%,-8.29%,-8.29%,-8.29%,-9.53%,-2.76%,-2.76%,-2.76%,-2.76%,-2.76%,-2.76%,-2.76%,-1.51%,-8.31%,-8.31%,-8.31%,-9.57%,-2.81%,-2.81%,-2.81%,-2.81%,-2.81%,-2.81%,-2.81%,-1.53%,-8.38%,-8.38%,-8.38%,-9.68%,-2.86%,-2.86%,-2.86%,-2.86%,-2.86%,-2.86%,-2.86%,-1.54%,-8.44%,-8.44%,-8.44%,-9.78%,-2.91%,-2.91%,-2.91%,-2.91%,-2.91%,-2.91%,-2.91%,-1.55%,-8.51%,-8.51%,-8.51%,-9.90%,-2.99%,-3.00%,-3.00%,-3.00%,-3.00%,-3.00%,-3.00%,-1.59%,-8.56%,-8.56%,-8.56%,-9.99%,-3.07%,-3.08%,-3.08%,-3.08%,-3.08%,-3.08%,-3.08%,-1.63%,-8.65%,-8.65%,-8.65%,-10.12%,-3.17%,-3.17%,-3.17%,-3.17%,-3.17%,-3.17%,-3.17%,-1.68%,-8.69%,-8.69%,-8.69%,-10.21%,-3.29%,-3.29%,-3.29%,-3.29%,-3.29%,-3.29%,-3.29%,-1.74%,-8.77%,-8.77%,-8.77%,-10.36%,-3.38%,-3.38%,-3.38%,-3.38%,-3.38%,-3.38%,-3.38%,-1.78%,-8.85%,-8.85%,-8.85%,-10.50%,-3.57%,-3.57%,-3.57%,-3.57%,-3.57%,-3.57%,-3.57%,-1.92%,-8.92%,-8.92%,-8.92%,-10.62%,-3.71%,-3.71%,-3.71%,-3.71%,-3.71%,-3.71%,-3.71%,-1.99%,-9.01%,-9.01%,-9.01%,-10.79%,-3.24%,-3.25%,-3.25%,-3.25%,-3.25%,0.00%,0.00%
FLUJOS PROBABLES,Jubilación,0.00%,0.00%,0.00%,0.00%,0.00%,0.00%,0.00%,0.00%,0.00%,0.00%,0.00%,0.00%,0.00%,0.00%,0.00%,0.00%,0.00%,0.00%,0.00%,0.00%,0.00%,0.00%,0.00%,0.00%,0.00%,0.00%,0.00%,0.00%,0.00%,0.00%,0.00%,0.00%,0.00%,0.00%,0.00%,0.00%,0.00%,0.00%,0.00%,0.00%,0.00%,0.00%,0.00%,0.00%,0.00%,0.00%,0.00%,0.00%,0.00%,0.00%,0.00%,0.00%,0.00%,0.00%,0.00%,0.00%,0.00%,0.00%,0.00%,0.00%,0.00%,0.00%,0.00%,0.00%,0.00%,0.00%,0.00%,0.00%,0.00%,0.00%,0.00%,0.00%,0.00%,0.00%,0.00%,0.00%,0.00%,0.00%,0.00%,0.00%,0.00%,0.00%,0.00%,0.00%,0.00%,0.00%,0.00%,0.00%,0.00%,0.00%,0.00%,0.00%,0.00%,0.00%,0.00%,0.00%,0.00%,0.00%,0.00%,0.00%,0.00%,0.00%,0.00%,0.00%,0.00%,0.00%,0.00%,0.00%,0.00%,0.00%,0.00%,0.00%,0.00%,0.00%,0.00%,0.00%,0.00%,0.00%,0.00%,0.00%,0.00%,0.00%,0.00%,0.00%,0.00%,0.00%,0.00%,0.00%,0.00%,0.00%,0.00%,0.00%,0.00%,0.00%,0.00%,0.00%,0.00%,0.00%,0.00%,0.00%,0.00%,0.00%,0.00%,0.00%,0.00%,0.00%,0.00%,0.00%,0.00%,0.00%,0.00%,0.00%,0.00%,0.00%,0.00%,0.00%,0.00%,0.00%,0.00%,0.00%,0.00%,0.00%,0.00%,0.00%,0.00%,0.00%,0.00%,0.00%,0.00%,0.00%,0.00%,0.00%,0.00%,0.00%,0.00%,0.00%,0.00%,0.00%,0.00%,0.00%,0.00%,0.00%,0.00%,0.00%,0.00%,0.00%,0.00%,0.00%,0.00%,0.00%,0.00%,0.00%,0.00%,0.00%,0.00%,0.00%,0.00%,0.00%,0.00%,0.00%,0.00%,0.00%,0.00%,0.00%,0.00%,0.00%,0.00%,0.00%,0.00%,0.00%,0.00%,0.00%,0.00%,0.00%,0.00%,0.00%,0.00%,0.00%,0.00%,0.00%,0.00%,0.00%,0.00%,0.00%,0.00%,0.00%,0.00%,0.00%,0.00%,0.00%,0.00%,0.00%,0.00%,0.00%,0.00%,0.00%,0.00%,0.00%,0.00%,0.00%,0.00%,0.00%,0.00%,0.00%,0.00%,0.00%,0.00%,0.00%,0.12%,0.00%
FLUJOS PROBABLES,Fallecimiento,0.00%,0.00%,-10.23%,0.00%,0.00%,0.00%,0.00%,0.00%,0.00%,0.00%,0.00%,0.00%,0.00%,0.00%,-10.47%,0.00%,0.00%,0.00%,0.00%,0.00%,0.00%,0.00%,0.00%,0.00%,0.00%,0.00%,-10.64%,0.00%,0.00%,0.00%,0.00%,0.00%,0.00%,0.00%,0.00%,0.00%,0.00%,0.00%,-10.77%,0.00%,0.00%,0.00%,0.00%,0.00%,0.00%,0.00%,0.00%,0.00%,0.00%,0.00%,-10.62%,0.01%,0.01%,0.01%,0.01%,0.01%,0.01%,0.01%,0.01%,0.01%,0.01%,0.01%,-10.36%,0.01%,0.01%,0.01%,0.01%,0.01%,0.01%,0.01%,0.01%,0.01%,0.01%,0.01%,-9.90%,0.01%,0.01%,0.01%,0.01%,0.01%,0.01%,0.01%,0.01%,0.01%,0.01%,0.01%,-9.30%,0.01%,0.01%,0.01%,0.01%,0.01%,0.01%,0.01%,0.01%,0.01%,0.02%,0.02%,-8.59%,0.02%,0.02%,0.02%,0.02%,0.02%,0.02%,0.02%,0.02%,0.02%,0.02%,0.02%,-7.95%,0.02%,0.02%,0.02%,0.02%,0.02%,0.02%,0.02%,0.02%,0.02%,0.02%,0.02%,-7.36%,0.02%,0.02%,0.03%,0.03%,0.03%,0.03%,0.03%,0.03%,0.03%,0.03%,0.03%,-6.85%,0.03%,0.03%,0.03%,0.03%,0.03%,0.03%,0.03%,0.03%,0.03%,0.03%,0.03%,-6.36%,0.03%,0.03%,0.03%,0.03%,0.03%,0.03%,0.03%,0.04%,0.04%,0.04%,0.04%,-5.82%,0.04%,0.04%,0.04%,0.04%,0.04%,0.04%,0.04%,0.04%,0.04%,0.04%,0.04%,-5.36%,0.04%,0.04%,0.04%,0.04%,0.04%,0.04%,0.05%,0.05%,0.05%,0.05%,0.05%,-4.90%,0.05%,0.05%,0.05%,0.05%,0.05%,0.05%,0.05%,0.05%,0.05%,0.05%,0.05%,-11.05%,0.06%,0.06%,0.06%,0.06%,0.06%,0.06%,0.06%,0.06%,0.06%,0.06%,0.06%,-9.16%,0.07%,0.07%,0.07%,0.07%,0.07%,0.07%,0.07%,0.07%,0.07%,0.07%,0.07%,-7.43%,0.07%,0.07%,0.07%,0.08%,0.08%,0.08%,0.08%,0.08%,0.08%,0.08%,0.08%,-5.42%,0.08%,0.08%,0.08%,0.08%,0.08%,0.09%,0.09%,0.09%,0.09%,0.09%,0.09%,-3.41%,0.09%,0.09%,0.09%,0.09%,0.09%,0.12%,0.00%
FLUJOS PROBABLES,Incapacidad Permanente,0.00%,-18.23%,-21.36%,-19.21%,-19.21%,-19.21%,-19.21%,-19.21%,-19.21%,-19.21%,-18.24%,-18.24%,-18.24%,-18.24%,-25.39%,-19.22%,-19.22%,-19.22%,-19.22%,-19.22%,-19.22%,-19.22%,-18.26%,-18.26%,-18.26%,-18.26%,-25.50%,-19.24%,-19.24%,-19.24%,-19.24%,-19.24%,-19.24%,-19.24%,-18.27%,-18.27%,-18.27%,-18.27%,-25.46%,-19.25%,-19.25%,-19.25%,-19.25%,-19.25%,-19.25%,-19.25%,-18.27%,-18.27%,-18.27%,-18.27%,-25.48%,-19.28%,-19.28%,-19.28%,-19.28%,-19.28%,-19.28%,-19.28%,-18.29%,-18.29%,-18.29%,-18.29%,-33.08%,-27.37%,-27.37%,-27.37%,-27.37%,-27.37%,-27.37%,-27.37%,-26.47%,-26.47%,-26.47%,-26.47%,-32.89%,-27.39%,-27.39%,-27.39%,-27.39%,-27.39%,-27.39%,-27.39%,-26.48%,-26.48%,-26.48%,-26.48%,-33.03%,-27.42%,-27.42%,-27.42%,-27.42%,-27.42%,-27.42%,-27.42%,-26.50%,-26.50%,-26.50%,-26.50%,-33.07%,-27.44%,-27.44%,-27.44%,-27.44%,-27.44%,-27.44%,-27.44%,-26.51%,-26.51%,-26.51%,-26.51%,-33.28%,-27.48%,-27.48%,-27.48%,-27.48%,-27.48%,-27.48%,-27.48%,-26.52%,-26.52%,-26.52%,-26.52%,-33.33%,-27.51%,-27.51%,-27.51%,-27.51%,-27.51%,-27.51%,-27.51%,-26.53%,-26.53%,-26.53%,-26.53%,-33.44%,-27.55%,-27.55%,-27.55%,-27.55%,-27.55%,-27.55%,-27.55%,-26.54%,-26.54%,-26.54%,-26.54%,-33.54%,-27.60%,-27.60%,-27.60%,-27.60%,-27.60%,-27.60%,-27.60%,-26.56%,-26.56%,-26.56%,-26.56%,-33.63%,-27.64%,-27.64%,-27.64%,-27.64%,-27.64%,-27.64%,-27.64%,-26.57%,-26.57%,-26.57%,-26.57%,-33.71%,-27.69%,-27.69%,-27.69%,-27.69%,-27.69%,-27.69%,-27.69%,-26.59%,-26.59%,-26.59%,-26.59%,-33.80%,-27.75%,-27.75%,-27.75%,-27.75%,-27.75%,-27.75%,-27.75%,-26.60%,-26.60%,-26.60%,-26.60%,-33.85%,-27.81%,-27.81%,-27.81%,-27.81%,-27.81%,-27.81%,-27.81%,-26.62%,-26.62%,-26.62%,-26.62%,-33.98%,-27.86%,-27.86%,-27.86%,-27.86%,-27.86%,-27.86%,-27.86%,-26.64%,-26.64%,-26.64%,-26.64%,-34.02%,-27.93%,-27.93%,-27.93%,-27.93%,-27.93%,-27.93%,-27.93%,-26.66%,-26.66%,-26.66%,-26.66%,-34.10%,-28.00%,-28.00%,-28.00%,-28.00%,-28.00%,-28.00%,-28.00%,-26.68%,-26.68%,-26.68%,-26.68%,-38.50%,-28.08%,-28.08%,-28.08%,-28.08%,-28.08%,-28.08%,0.00%
